user_id,photo_id,created_at
2,1,"2023-11-11 08:32:27"
2,4,"2023-11-11 08:32:27"
2,8,"2023-11-11 08:32:27"
2,9,"2023-11-11 08:32:27"
2,10,"2023-11-11 08:32:27"
2,11,"2023-11-11 08:32:27"
2,12,"2023-11-11 08:32:27"
2,13,"2023-11-11 08:32:27"
2,15,"2023-11-11 08:32:27"
2,23,"2023-11-11 08:32:27"
2,25,"2023-11-11 08:32:27"
2,27,"2023-11-11 08:32:27"
2,30,"2023-11-11 08:32:27"
3,2,"2023-11-11 08:32:27"
3,7,"2023-11-11 08:32:27"
3,9,"2023-11-11 08:32:27"
3,23,"2023-11-11 08:32:27"
3,26,"2023-11-11 08:32:27"
3,28,"2023-11-11 08:32:27"
3,29,"2023-11-11 08:32:27"
3,30,"2023-11-11 08:32:27"
4,3,"2023-11-11 08:32:27"
4,4,"2023-11-11 08:32:27"
4,5,"2023-11-11 08:32:27"
4,6,"2023-11-11 08:32:27"
4,7,"2023-11-11 08:32:27"
4,10,"2023-11-11 08:32:27"
4,17,"2023-11-11 08:32:27"
4,19,"2023-11-11 08:32:27"
4,20,"2023-11-11 08:32:27"
4,22,"2023-11-11 08:32:27"
4,24,"2023-11-11 08:32:27"
4,29,"2023-11-11 08:32:27"
4,31,"2023-11-11 08:32:27"
5,1,"2023-11-11 08:32:27"
5,2,"2023-11-11 08:32:27"
5,3,"2023-11-11 08:32:27"
5,4,"2023-11-11 08:32:27"
5,5,"2023-11-11 08:32:27"
5,6,"2023-11-11 08:32:27"
5,7,"2023-11-11 08:32:27"
5,8,"2023-11-11 08:32:27"
5,9,"2023-11-11 08:32:27"
5,10,"2023-11-11 08:32:27"
5,11,"2023-11-11 08:32:27"
5,12,"2023-11-11 08:32:27"
5,13,"2023-11-11 08:32:27"
5,14,"2023-11-11 08:32:27"
5,15,"2023-11-11 08:32:27"
5,16,"2023-11-11 08:32:27"
5,17,"2023-11-11 08:32:27"
5,18,"2023-11-11 08:32:27"
5,19,"2023-11-11 08:32:27"
5,20,"2023-11-11 08:32:27"
5,21,"2023-11-11 08:32:27"
5,22,"2023-11-11 08:32:27"
5,23,"2023-11-11 08:32:27"
5,24,"2023-11-11 08:32:27"
5,25,"2023-11-11 08:32:27"
5,26,"2023-11-11 08:32:27"
5,27,"2023-11-11 08:32:27"
5,28,"2023-11-11 08:32:27"
5,29,"2023-11-11 08:32:27"
5,30,"2023-11-11 08:32:27"
5,31,"2023-11-11 08:32:27"
6,2,"2023-11-11 08:32:27"
6,5,"2023-11-11 08:32:27"
6,9,"2023-11-11 08:32:27"
6,11,"2023-11-11 08:32:27"
6,13,"2023-11-11 08:32:27"
6,19,"2023-11-11 08:32:27"
6,24,"2023-11-11 08:32:27"
6,28,"2023-11-11 08:32:27"
6,29,"2023-11-11 08:32:27"
6,30,"2023-11-11 08:32:27"
8,2,"2023-11-11 08:32:27"
8,16,"2023-11-11 08:32:27"
8,22,"2023-11-11 08:32:27"
8,26,"2023-11-11 08:32:27"
8,29,"2023-11-11 08:32:27"
8,30,"2023-11-11 08:32:27"
9,1,"2023-11-11 08:32:27"
9,7,"2023-11-11 08:32:27"
9,10,"2023-11-11 08:32:27"
9,20,"2023-11-11 08:32:27"
9,21,"2023-11-11 08:32:27"
9,23,"2023-11-11 08:32:27"
9,27,"2023-11-11 08:32:27"
9,28,"2023-11-11 08:32:27"
9,30,"2023-11-11 08:32:27"
9,31,"2023-11-11 08:32:27"
10,1,"2023-11-11 08:32:27"
10,4,"2023-11-11 08:32:27"
10,10,"2023-11-11 08:32:27"
10,11,"2023-11-11 08:32:27"
10,15,"2023-11-11 08:32:27"
10,16,"2023-11-11 08:32:27"
10,18,"2023-11-11 08:32:27"
10,19,"2023-11-11 08:32:27"
10,21,"2023-11-11 08:32:27"
10,25,"2023-11-11 08:32:27"
10,27,"2023-11-11 08:32:27"
11,1,"2023-11-11 08:32:27"
11,4,"2023-11-11 08:32:27"
11,5,"2023-11-11 08:32:27"
11,13,"2023-11-11 08:32:27"
11,14,"2023-11-11 08:32:27"
11,17,"2023-11-11 08:32:27"
11,27,"2023-11-11 08:32:27"
12,3,"2023-11-11 08:32:27"
12,4,"2023-11-11 08:32:27"
12,7,"2023-11-11 08:32:27"
12,12,"2023-11-11 08:32:27"
12,18,"2023-11-11 08:32:27"
12,20,"2023-11-11 08:32:27"
12,23,"2023-11-11 08:32:27"
12,28,"2023-11-11 08:32:27"
12,29,"2023-11-11 08:32:27"
13,4,"2023-11-11 08:32:27"
13,12,"2023-11-11 08:32:27"
13,13,"2023-11-11 08:32:27"
13,14,"2023-11-11 08:32:27"
13,19,"2023-11-11 08:32:27"
13,22,"2023-11-11 08:32:27"
13,25,"2023-11-11 08:32:27"
13,28,"2023-11-11 08:32:27"
13,31,"2023-11-11 08:32:27"
14,1,"2023-11-11 08:32:27"
14,2,"2023-11-11 08:32:27"
14,3,"2023-11-11 08:32:27"
14,4,"2023-11-11 08:32:27"
14,5,"2023-11-11 08:32:27"
14,6,"2023-11-11 08:32:27"
14,7,"2023-11-11 08:32:27"
14,8,"2023-11-11 08:32:27"
14,9,"2023-11-11 08:32:27"
14,10,"2023-11-11 08:32:27"
14,11,"2023-11-11 08:32:27"
14,12,"2023-11-11 08:32:27"
14,13,"2023-11-11 08:32:27"
14,14,"2023-11-11 08:32:27"
14,15,"2023-11-11 08:32:27"
14,16,"2023-11-11 08:32:27"
14,17,"2023-11-11 08:32:27"
14,18,"2023-11-11 08:32:27"
14,19,"2023-11-11 08:32:27"
14,20,"2023-11-11 08:32:27"
14,21,"2023-11-11 08:32:27"
14,22,"2023-11-11 08:32:27"
14,23,"2023-11-11 08:32:27"
14,24,"2023-11-11 08:32:27"
14,25,"2023-11-11 08:32:27"
14,26,"2023-11-11 08:32:27"
14,27,"2023-11-11 08:32:27"
14,28,"2023-11-11 08:32:27"
14,29,"2023-11-11 08:32:27"
14,30,"2023-11-11 08:32:27"
14,31,"2023-11-11 08:32:27"
15,3,"2023-11-11 08:32:27"
15,4,"2023-11-11 08:32:27"
15,9,"2023-11-11 08:32:27"
15,15,"2023-11-11 08:32:27"
15,23,"2023-11-11 08:32:27"
15,24,"2023-11-11 08:32:27"
15,25,"2023-11-11 08:32:27"
15,26,"2023-11-11 08:32:27"
15,31,"2023-11-11 08:32:27"
16,6,"2023-11-11 08:32:27"
16,7,"2023-11-11 08:32:27"
16,8,"2023-11-11 08:32:27"
16,9,"2023-11-11 08:32:27"
16,13,"2023-11-11 08:32:27"
16,14,"2023-11-11 08:32:27"
16,15,"2023-11-11 08:32:27"
16,17,"2023-11-11 08:32:27"
16,20,"2023-11-11 08:32:27"
16,22,"2023-11-11 08:32:27"
16,24,"2023-11-11 08:32:27"
16,25,"2023-11-11 08:32:27"
16,26,"2023-11-11 08:32:27"
16,29,"2023-11-11 08:32:27"
16,30,"2023-11-11 08:32:27"
16,31,"2023-11-11 08:32:27"
17,2,"2023-11-11 08:32:27"
17,4,"2023-11-11 08:32:27"
17,5,"2023-11-11 08:32:27"
17,10,"2023-11-11 08:32:27"
17,11,"2023-11-11 08:32:27"
17,14,"2023-11-11 08:32:27"
17,16,"2023-11-11 08:32:27"
17,20,"2023-11-11 08:32:27"
17,21,"2023-11-11 08:32:27"
17,22,"2023-11-11 08:32:27"
17,25,"2023-11-11 08:32:27"
17,28,"2023-11-11 08:32:27"
18,13,"2023-11-11 08:32:27"
18,18,"2023-11-11 08:32:27"
18,21,"2023-11-11 08:32:27"
18,24,"2023-11-11 08:32:27"
18,30,"2023-11-11 08:32:27"
19,1,"2023-11-11 08:32:27"
19,2,"2023-11-11 08:32:27"
19,6,"2023-11-11 08:32:27"
19,7,"2023-11-11 08:32:27"
19,8,"2023-11-11 08:32:27"
19,9,"2023-11-11 08:32:27"
19,10,"2023-11-11 08:32:27"
19,13,"2023-11-11 08:32:27"
19,14,"2023-11-11 08:32:27"
19,15,"2023-11-11 08:32:27"
19,24,"2023-11-11 08:32:27"
19,25,"2023-11-11 08:32:27"
19,27,"2023-11-11 08:32:27"
19,28,"2023-11-11 08:32:27"
20,3,"2023-11-11 08:32:27"
20,4,"2023-11-11 08:32:27"
20,10,"2023-11-11 08:32:27"
20,11,"2023-11-11 08:32:27"
20,12,"2023-11-11 08:32:27"
20,13,"2023-11-11 08:32:27"
20,15,"2023-11-11 08:32:27"
20,16,"2023-11-11 08:32:27"
20,19,"2023-11-11 08:32:27"
20,20,"2023-11-11 08:32:27"
20,21,"2023-11-11 08:32:27"
20,27,"2023-11-11 08:32:27"
20,28,"2023-11-11 08:32:27"
21,1,"2023-11-11 08:32:27"
21,2,"2023-11-11 08:32:27"
21,3,"2023-11-11 08:32:27"
21,4,"2023-11-11 08:32:27"
21,5,"2023-11-11 08:32:27"
21,6,"2023-11-11 08:32:27"
21,7,"2023-11-11 08:32:27"
21,8,"2023-11-11 08:32:27"
21,9,"2023-11-11 08:32:27"
21,10,"2023-11-11 08:32:27"
21,11,"2023-11-11 08:32:27"
21,12,"2023-11-11 08:32:27"
21,13,"2023-11-11 08:32:27"
21,14,"2023-11-11 08:32:27"
21,15,"2023-11-11 08:32:27"
21,16,"2023-11-11 08:32:27"
21,17,"2023-11-11 08:32:27"
21,18,"2023-11-11 08:32:27"
21,19,"2023-11-11 08:32:27"
21,20,"2023-11-11 08:32:27"
21,21,"2023-11-11 08:32:27"
21,22,"2023-11-11 08:32:27"
21,23,"2023-11-11 08:32:27"
21,24,"2023-11-11 08:32:27"
21,25,"2023-11-11 08:32:27"
21,26,"2023-11-11 08:32:27"
21,27,"2023-11-11 08:32:27"
21,28,"2023-11-11 08:32:27"
21,29,"2023-11-11 08:32:27"
21,30,"2023-11-11 08:32:27"
21,31,"2023-11-11 08:32:27"
22,8,"2023-11-11 08:32:27"
22,16,"2023-11-11 08:32:27"
22,18,"2023-11-11 08:32:27"
22,21,"2023-11-11 08:32:27"
22,22,"2023-11-11 08:32:27"
22,23,"2023-11-11 08:32:27"
22,25,"2023-11-11 08:32:27"
22,26,"2023-11-11 08:32:27"
22,31,"2023-11-11 08:32:27"
24,1,"2023-11-11 08:32:27"
24,2,"2023-11-11 08:32:27"
24,3,"2023-11-11 08:32:27"
24,4,"2023-11-11 08:32:27"
24,5,"2023-11-11 08:32:27"
24,6,"2023-11-11 08:32:27"
24,7,"2023-11-11 08:32:27"
24,8,"2023-11-11 08:32:27"
24,9,"2023-11-11 08:32:27"
24,10,"2023-11-11 08:32:27"
24,11,"2023-11-11 08:32:27"
24,12,"2023-11-11 08:32:27"
24,13,"2023-11-11 08:32:27"
24,14,"2023-11-11 08:32:27"
24,15,"2023-11-11 08:32:27"
24,16,"2023-11-11 08:32:27"
24,17,"2023-11-11 08:32:27"
24,18,"2023-11-11 08:32:27"
24,19,"2023-11-11 08:32:27"
24,20,"2023-11-11 08:32:27"
24,21,"2023-11-11 08:32:27"
24,22,"2023-11-11 08:32:27"
24,23,"2023-11-11 08:32:27"
24,24,"2023-11-11 08:32:27"
24,25,"2023-11-11 08:32:27"
24,26,"2023-11-11 08:32:27"
24,27,"2023-11-11 08:32:27"
24,28,"2023-11-11 08:32:27"
24,29,"2023-11-11 08:32:27"
24,30,"2023-11-11 08:32:27"
24,31,"2023-11-11 08:32:27"
26,2,"2023-11-11 08:32:27"
26,5,"2023-11-11 08:32:27"
26,7,"2023-11-11 08:32:27"
26,9,"2023-11-11 08:32:27"
26,10,"2023-11-11 08:32:27"
26,15,"2023-11-11 08:32:27"
26,21,"2023-11-11 08:32:27"
26,22,"2023-11-11 08:32:27"
26,26,"2023-11-11 08:32:27"
26,27,"2023-11-11 08:32:27"
26,28,"2023-11-11 08:32:27"
26,29,"2023-11-11 08:32:27"
27,2,"2023-11-11 08:32:27"
27,3,"2023-11-11 08:32:27"
27,6,"2023-11-11 08:32:27"
27,7,"2023-11-11 08:32:27"
27,10,"2023-11-11 08:32:27"
27,13,"2023-11-11 08:32:27"
27,15,"2023-11-11 08:32:27"
27,17,"2023-11-11 08:32:27"
27,25,"2023-11-11 08:32:27"
27,26,"2023-11-11 08:32:27"
27,28,"2023-11-11 08:32:27"
27,30,"2023-11-11 08:32:27"
28,3,"2023-11-11 08:32:27"
28,4,"2023-11-11 08:32:27"
28,5,"2023-11-11 08:32:27"
28,10,"2023-11-11 08:32:27"
28,11,"2023-11-11 08:32:27"
28,13,"2023-11-11 08:32:27"
28,14,"2023-11-11 08:32:27"
28,15,"2023-11-11 08:32:27"
28,17,"2023-11-11 08:32:27"
28,19,"2023-11-11 08:32:27"
28,20,"2023-11-11 08:32:27"
28,29,"2023-11-11 08:32:27"
30,2,"2023-11-11 08:32:27"
30,6,"2023-11-11 08:32:27"
30,16,"2023-11-11 08:32:27"
30,17,"2023-11-11 08:32:27"
30,22,"2023-11-11 08:32:27"
30,23,"2023-11-11 08:32:27"
30,28,"2023-11-11 08:32:27"
30,30,"2023-11-11 08:32:27"
31,2,"2023-11-11 08:32:27"
31,4,"2023-11-11 08:32:27"
31,6,"2023-11-11 08:32:27"
31,7,"2023-11-11 08:32:27"
31,8,"2023-11-11 08:32:27"
31,14,"2023-11-11 08:32:27"
31,18,"2023-11-11 08:32:27"
31,19,"2023-11-11 08:32:27"
31,20,"2023-11-11 08:32:27"
31,31,"2023-11-11 08:32:27"
32,5,"2023-11-11 08:32:27"
32,6,"2023-11-11 08:32:27"
32,8,"2023-11-11 08:32:27"
32,12,"2023-11-11 08:32:27"
32,13,"2023-11-11 08:32:27"
32,14,"2023-11-11 08:32:27"
32,15,"2023-11-11 08:32:27"
32,24,"2023-11-11 08:32:27"
32,25,"2023-11-11 08:32:27"
32,30,"2023-11-11 08:32:27"
33,2,"2023-11-11 08:32:27"
33,3,"2023-11-11 08:32:27"
33,5,"2023-11-11 08:32:27"
33,8,"2023-11-11 08:32:27"
33,9,"2023-11-11 08:32:27"
33,11,"2023-11-11 08:32:27"
33,13,"2023-11-11 08:32:27"
33,14,"2023-11-11 08:32:27"
33,21,"2023-11-11 08:32:27"
33,24,"2023-11-11 08:32:27"
33,30,"2023-11-11 08:32:27"
33,31,"2023-11-11 08:32:27"
35,1,"2023-11-11 08:32:27"
35,7,"2023-11-11 08:32:27"
35,8,"2023-11-11 08:32:27"
35,10,"2023-11-11 08:32:27"
35,11,"2023-11-11 08:32:27"
35,14,"2023-11-11 08:32:27"
35,22,"2023-11-11 08:32:27"
35,25,"2023-11-11 08:32:27"
35,28,"2023-11-11 08:32:27"
35,29,"2023-11-11 08:32:27"
35,30,"2023-11-11 08:32:27"
36,1,"2023-11-11 08:32:27"
36,2,"2023-11-11 08:32:27"
36,3,"2023-11-11 08:32:27"
36,4,"2023-11-11 08:32:27"
36,5,"2023-11-11 08:32:27"
36,6,"2023-11-11 08:32:27"
36,7,"2023-11-11 08:32:27"
36,8,"2023-11-11 08:32:27"
36,9,"2023-11-11 08:32:27"
36,10,"2023-11-11 08:32:27"
36,11,"2023-11-11 08:32:27"
36,12,"2023-11-11 08:32:27"
36,13,"2023-11-11 08:32:27"
36,14,"2023-11-11 08:32:27"
36,15,"2023-11-11 08:32:27"
36,16,"2023-11-11 08:32:27"
36,17,"2023-11-11 08:32:27"
36,18,"2023-11-11 08:32:27"
36,19,"2023-11-11 08:32:27"
36,20,"2023-11-11 08:32:27"
36,21,"2023-11-11 08:32:27"
36,22,"2023-11-11 08:32:27"
36,23,"2023-11-11 08:32:27"
36,24,"2023-11-11 08:32:27"
36,25,"2023-11-11 08:32:27"
36,26,"2023-11-11 08:32:27"
36,27,"2023-11-11 08:32:27"
36,28,"2023-11-11 08:32:27"
36,29,"2023-11-11 08:32:27"
36,30,"2023-11-11 08:32:27"
36,31,"2023-11-11 08:32:27"
37,3,"2023-11-11 08:32:27"
37,5,"2023-11-11 08:32:27"
37,7,"2023-11-11 08:32:27"
37,8,"2023-11-11 08:32:27"
37,14,"2023-11-11 08:32:27"
37,16,"2023-11-11 08:32:27"
37,17,"2023-11-11 08:32:27"
37,21,"2023-11-11 08:32:27"
37,23,"2023-11-11 08:32:27"
37,27,"2023-11-11 08:32:27"
38,2,"2023-11-11 08:32:27"
38,6,"2023-11-11 08:32:27"
38,10,"2023-11-11 08:32:27"
38,13,"2023-11-11 08:32:27"
38,14,"2023-11-11 08:32:27"
38,19,"2023-11-11 08:32:27"
38,21,"2023-11-11 08:32:27"
38,23,"2023-11-11 08:32:27"
38,29,"2023-11-11 08:32:27"
38,30,"2023-11-11 08:32:27"
39,7,"2023-11-11 08:32:27"
39,16,"2023-11-11 08:32:27"
39,27,"2023-11-11 08:32:27"
39,30,"2023-11-11 08:32:27"
40,2,"2023-11-11 08:32:27"
40,13,"2023-11-11 08:32:27"
40,16,"2023-11-11 08:32:27"
40,19,"2023-11-11 08:32:27"
40,21,"2023-11-11 08:32:27"
40,28,"2023-11-11 08:32:27"
41,1,"2023-11-11 08:32:27"
41,2,"2023-11-11 08:32:27"
41,3,"2023-11-11 08:32:27"
41,4,"2023-11-11 08:32:27"
41,5,"2023-11-11 08:32:27"
41,6,"2023-11-11 08:32:27"
41,7,"2023-11-11 08:32:27"
41,8,"2023-11-11 08:32:27"
41,9,"2023-11-11 08:32:27"
41,10,"2023-11-11 08:32:27"
41,11,"2023-11-11 08:32:27"
41,12,"2023-11-11 08:32:27"
41,13,"2023-11-11 08:32:27"
41,14,"2023-11-11 08:32:27"
41,15,"2023-11-11 08:32:27"
41,16,"2023-11-11 08:32:27"
41,17,"2023-11-11 08:32:27"
41,18,"2023-11-11 08:32:27"
41,19,"2023-11-11 08:32:27"
41,20,"2023-11-11 08:32:27"
41,21,"2023-11-11 08:32:27"
41,22,"2023-11-11 08:32:27"
41,23,"2023-11-11 08:32:27"
41,24,"2023-11-11 08:32:27"
41,25,"2023-11-11 08:32:27"
41,26,"2023-11-11 08:32:27"
41,27,"2023-11-11 08:32:27"
41,28,"2023-11-11 08:32:27"
41,29,"2023-11-11 08:32:27"
41,30,"2023-11-11 08:32:27"
41,31,"2023-11-11 08:32:27"
42,3,"2023-11-11 08:32:27"
42,5,"2023-11-11 08:32:27"
42,10,"2023-11-11 08:32:27"
42,11,"2023-11-11 08:32:27"
42,13,"2023-11-11 08:32:27"
42,14,"2023-11-11 08:32:27"
42,15,"2023-11-11 08:32:27"
42,16,"2023-11-11 08:32:27"
42,19,"2023-11-11 08:32:27"
42,23,"2023-11-11 08:32:27"
42,24,"2023-11-11 08:32:27"
42,30,"2023-11-11 08:32:27"
42,31,"2023-11-11 08:32:27"
43,3,"2023-11-11 08:32:27"
43,4,"2023-11-11 08:32:27"
43,5,"2023-11-11 08:32:27"
43,6,"2023-11-11 08:32:27"
43,7,"2023-11-11 08:32:27"
43,12,"2023-11-11 08:32:27"
43,16,"2023-11-11 08:32:27"
43,21,"2023-11-11 08:32:27"
43,27,"2023-11-11 08:32:27"
43,28,"2023-11-11 08:32:27"
43,29,"2023-11-11 08:32:27"
43,31,"2023-11-11 08:32:27"
44,2,"2023-11-11 08:32:27"
44,3,"2023-11-11 08:32:27"
44,5,"2023-11-11 08:32:27"
44,7,"2023-11-11 08:32:27"
44,10,"2023-11-11 08:32:27"
44,11,"2023-11-11 08:32:27"
44,12,"2023-11-11 08:32:27"
44,13,"2023-11-11 08:32:27"
44,16,"2023-11-11 08:32:27"
44,17,"2023-11-11 08:32:27"
44,20,"2023-11-11 08:32:27"
44,25,"2023-11-11 08:32:27"
44,28,"2023-11-11 08:32:27"
46,1,"2023-11-11 08:32:27"
46,3,"2023-11-11 08:32:27"
46,4,"2023-11-11 08:32:27"
46,6,"2023-11-11 08:32:27"
46,11,"2023-11-11 08:32:27"
46,18,"2023-11-11 08:32:27"
46,22,"2023-11-11 08:32:27"
46,23,"2023-11-11 08:32:27"
46,24,"2023-11-11 08:32:27"
46,25,"2023-11-11 08:32:27"
46,29,"2023-11-11 08:32:27"
47,1,"2023-11-11 08:32:27"
47,5,"2023-11-11 08:32:27"
47,12,"2023-11-11 08:32:27"
47,15,"2023-11-11 08:32:27"
47,16,"2023-11-11 08:32:27"
47,18,"2023-11-11 08:32:27"
47,24,"2023-11-11 08:32:27"
47,26,"2023-11-11 08:32:27"
47,30,"2023-11-11 08:32:27"
47,31,"2023-11-11 08:32:27"
48,9,"2023-11-11 08:32:27"
48,12,"2023-11-11 08:32:27"
48,13,"2023-11-11 08:32:27"
48,14,"2023-11-11 08:32:27"
48,17,"2023-11-11 08:32:27"
48,18,"2023-11-11 08:32:27"
48,20,"2023-11-11 08:32:27"
48,27,"2023-11-11 08:32:27"
50,3,"2023-11-11 08:32:27"
50,7,"2023-11-11 08:32:27"
50,9,"2023-11-11 08:32:27"
50,11,"2023-11-11 08:32:27"
50,12,"2023-11-11 08:32:27"
50,15,"2023-11-11 08:32:27"
50,19,"2023-11-11 08:32:27"
50,23,"2023-11-11 08:32:27"
50,24,"2023-11-11 08:32:27"
50,28,"2023-11-11 08:32:27"
52,2,"2023-11-11 08:32:27"
52,3,"2023-11-11 08:32:27"
52,4,"2023-11-11 08:32:27"
52,8,"2023-11-11 08:32:27"
52,13,"2023-11-11 08:32:27"
52,16,"2023-11-11 08:32:27"
52,17,"2023-11-11 08:32:27"
52,19,"2023-11-11 08:32:27"
52,21,"2023-11-11 08:32:27"
52,26,"2023-11-11 08:32:27"
52,28,"2023-11-11 08:32:27"
54,1,"2023-11-11 08:32:27"
54,2,"2023-11-11 08:32:27"
54,3,"2023-11-11 08:32:27"
54,4,"2023-11-11 08:32:27"
54,5,"2023-11-11 08:32:27"
54,6,"2023-11-11 08:32:27"
54,7,"2023-11-11 08:32:27"
54,8,"2023-11-11 08:32:27"
54,9,"2023-11-11 08:32:27"
54,10,"2023-11-11 08:32:27"
54,11,"2023-11-11 08:32:27"
54,12,"2023-11-11 08:32:27"
54,13,"2023-11-11 08:32:27"
54,14,"2023-11-11 08:32:27"
54,15,"2023-11-11 08:32:27"
54,16,"2023-11-11 08:32:27"
54,17,"2023-11-11 08:32:27"
54,18,"2023-11-11 08:32:27"
54,19,"2023-11-11 08:32:27"
54,20,"2023-11-11 08:32:27"
54,21,"2023-11-11 08:32:27"
54,22,"2023-11-11 08:32:27"
54,23,"2023-11-11 08:32:27"
54,24,"2023-11-11 08:32:27"
54,25,"2023-11-11 08:32:27"
54,26,"2023-11-11 08:32:27"
54,27,"2023-11-11 08:32:27"
54,28,"2023-11-11 08:32:27"
54,29,"2023-11-11 08:32:27"
54,30,"2023-11-11 08:32:27"
54,31,"2023-11-11 08:32:27"
55,1,"2023-11-11 08:32:27"
55,5,"2023-11-11 08:32:27"
55,7,"2023-11-11 08:32:27"
55,17,"2023-11-11 08:32:27"
55,19,"2023-11-11 08:32:27"
55,23,"2023-11-11 08:32:27"
55,30,"2023-11-11 08:32:27"
56,2,"2023-11-11 08:32:27"
56,4,"2023-11-11 08:32:27"
56,9,"2023-11-11 08:32:27"
56,12,"2023-11-11 08:32:27"
56,15,"2023-11-11 08:32:27"
56,16,"2023-11-11 08:32:27"
56,21,"2023-11-11 08:32:27"
56,24,"2023-11-11 08:32:27"
56,26,"2023-11-11 08:32:27"
57,1,"2023-11-11 08:32:27"
57,2,"2023-11-11 08:32:27"
57,3,"2023-11-11 08:32:27"
57,4,"2023-11-11 08:32:27"
57,5,"2023-11-11 08:32:27"
57,6,"2023-11-11 08:32:27"
57,7,"2023-11-11 08:32:27"
57,8,"2023-11-11 08:32:27"
57,9,"2023-11-11 08:32:27"
57,10,"2023-11-11 08:32:27"
57,11,"2023-11-11 08:32:27"
57,12,"2023-11-11 08:32:27"
57,13,"2023-11-11 08:32:27"
57,14,"2023-11-11 08:32:27"
57,15,"2023-11-11 08:32:27"
57,16,"2023-11-11 08:32:27"
57,17,"2023-11-11 08:32:27"
57,18,"2023-11-11 08:32:27"
57,19,"2023-11-11 08:32:27"
57,20,"2023-11-11 08:32:27"
57,21,"2023-11-11 08:32:27"
57,22,"2023-11-11 08:32:27"
57,23,"2023-11-11 08:32:27"
57,24,"2023-11-11 08:32:27"
57,25,"2023-11-11 08:32:27"
57,26,"2023-11-11 08:32:27"
57,27,"2023-11-11 08:32:27"
57,28,"2023-11-11 08:32:27"
57,29,"2023-11-11 08:32:27"
57,30,"2023-11-11 08:32:27"
57,31,"2023-11-11 08:32:27"
60,3,"2023-11-11 08:32:27"
60,12,"2023-11-11 08:32:27"
60,13,"2023-11-11 08:32:27"
60,16,"2023-11-11 08:32:27"
60,17,"2023-11-11 08:32:27"
60,19,"2023-11-11 08:32:27"
60,24,"2023-11-11 08:32:27"
60,25,"2023-11-11 08:32:27"
60,27,"2023-11-11 08:32:27"
60,28,"2023-11-11 08:32:27"
60,29,"2023-11-11 08:32:27"
61,3,"2023-11-11 08:32:27"
61,6,"2023-11-11 08:32:27"
61,11,"2023-11-11 08:32:27"
61,14,"2023-11-11 08:32:27"
61,16,"2023-11-11 08:32:27"
61,17,"2023-11-11 08:32:27"
61,18,"2023-11-11 08:32:27"
61,19,"2023-11-11 08:32:27"
61,21,"2023-11-11 08:32:27"
61,22,"2023-11-11 08:32:27"
61,24,"2023-11-11 08:32:27"
61,25,"2023-11-11 08:32:27"
61,26,"2023-11-11 08:32:27"
62,2,"2023-11-11 08:32:27"
62,4,"2023-11-11 08:32:27"
62,6,"2023-11-11 08:32:27"
62,9,"2023-11-11 08:32:27"
62,14,"2023-11-11 08:32:27"
62,18,"2023-11-11 08:32:27"
62,19,"2023-11-11 08:32:27"
63,2,"2023-11-11 08:32:27"
63,7,"2023-11-11 08:32:27"
63,17,"2023-11-11 08:32:27"
63,20,"2023-11-11 08:32:27"
63,21,"2023-11-11 08:32:27"
63,30,"2023-11-11 08:32:27"
65,3,"2023-11-11 08:32:27"
65,13,"2023-11-11 08:32:27"
65,17,"2023-11-11 08:32:27"
65,20,"2023-11-11 08:32:27"
65,21,"2023-11-11 08:32:27"
65,26,"2023-11-11 08:32:27"
65,27,"2023-11-11 08:32:27"
65,28,"2023-11-11 08:32:27"
65,29,"2023-11-11 08:32:27"
66,1,"2023-11-11 08:32:27"
66,2,"2023-11-11 08:32:27"
66,3,"2023-11-11 08:32:27"
66,4,"2023-11-11 08:32:27"
66,5,"2023-11-11 08:32:27"
66,6,"2023-11-11 08:32:27"
66,7,"2023-11-11 08:32:27"
66,8,"2023-11-11 08:32:27"
66,9,"2023-11-11 08:32:27"
66,10,"2023-11-11 08:32:27"
66,11,"2023-11-11 08:32:27"
66,12,"2023-11-11 08:32:27"
66,13,"2023-11-11 08:32:27"
66,14,"2023-11-11 08:32:27"
66,15,"2023-11-11 08:32:27"
66,16,"2023-11-11 08:32:27"
66,17,"2023-11-11 08:32:27"
66,18,"2023-11-11 08:32:27"
66,19,"2023-11-11 08:32:27"
66,20,"2023-11-11 08:32:27"
66,21,"2023-11-11 08:32:27"
66,22,"2023-11-11 08:32:27"
66,23,"2023-11-11 08:32:27"
66,24,"2023-11-11 08:32:27"
66,25,"2023-11-11 08:32:27"
66,26,"2023-11-11 08:32:27"
66,27,"2023-11-11 08:32:27"
66,28,"2023-11-11 08:32:27"
66,29,"2023-11-11 08:32:27"
66,30,"2023-11-11 08:32:27"
66,31,"2023-11-11 08:32:27"
67,11,"2023-11-11 08:32:27"
67,12,"2023-11-11 08:32:27"
67,20,"2023-11-11 08:32:27"
67,24,"2023-11-11 08:32:27"
67,27,"2023-11-11 08:32:27"
67,30,"2023-11-11 08:32:27"
67,31,"2023-11-11 08:32:27"
69,1,"2023-11-11 08:32:27"
69,3,"2023-11-11 08:32:27"
69,6,"2023-11-11 08:32:27"
69,13,"2023-11-11 08:32:27"
69,14,"2023-11-11 08:32:27"
69,16,"2023-11-11 08:32:27"
69,19,"2023-11-11 08:32:27"
69,20,"2023-11-11 08:32:27"
69,21,"2023-11-11 08:32:27"
69,22,"2023-11-11 08:32:27"
69,23,"2023-11-11 08:32:27"
69,24,"2023-11-11 08:32:27"
69,25,"2023-11-11 08:32:27"
69,28,"2023-11-11 08:32:27"
69,29,"2023-11-11 08:32:27"
69,30,"2023-11-11 08:32:27"
69,31,"2023-11-11 08:32:27"
70,3,"2023-11-11 08:32:27"
70,4,"2023-11-11 08:32:27"
70,8,"2023-11-11 08:32:27"
70,10,"2023-11-11 08:32:27"
70,11,"2023-11-11 08:32:27"
70,15,"2023-11-11 08:32:27"
70,20,"2023-11-11 08:32:27"
70,23,"2023-11-11 08:32:27"
70,26,"2023-11-11 08:32:27"
70,29,"2023-11-11 08:32:27"
70,30,"2023-11-11 08:32:27"
71,1,"2023-11-11 08:32:27"
71,2,"2023-11-11 08:32:27"
71,3,"2023-11-11 08:32:27"
71,4,"2023-11-11 08:32:27"
71,5,"2023-11-11 08:32:27"
71,6,"2023-11-11 08:32:27"
71,7,"2023-11-11 08:32:27"
71,8,"2023-11-11 08:32:27"
71,9,"2023-11-11 08:32:27"
71,10,"2023-11-11 08:32:27"
71,11,"2023-11-11 08:32:27"
71,12,"2023-11-11 08:32:27"
71,13,"2023-11-11 08:32:27"
71,14,"2023-11-11 08:32:27"
71,15,"2023-11-11 08:32:27"
71,16,"2023-11-11 08:32:27"
71,17,"2023-11-11 08:32:27"
71,18,"2023-11-11 08:32:27"
71,19,"2023-11-11 08:32:27"
71,20,"2023-11-11 08:32:27"
71,21,"2023-11-11 08:32:27"
71,22,"2023-11-11 08:32:27"
71,23,"2023-11-11 08:32:27"
71,24,"2023-11-11 08:32:27"
71,25,"2023-11-11 08:32:27"
71,26,"2023-11-11 08:32:27"
71,27,"2023-11-11 08:32:27"
71,28,"2023-11-11 08:32:27"
71,29,"2023-11-11 08:32:27"
71,30,"2023-11-11 08:32:27"
71,31,"2023-11-11 08:32:27"
72,4,"2023-11-11 08:32:27"
72,7,"2023-11-11 08:32:27"
72,12,"2023-11-11 08:32:27"
72,15,"2023-11-11 08:32:27"
72,16,"2023-11-11 08:32:27"
72,19,"2023-11-11 08:32:27"
72,28,"2023-11-11 08:32:27"
72,30,"2023-11-11 08:32:27"
73,7,"2023-11-11 08:32:27"
73,8,"2023-11-11 08:32:27"
73,9,"2023-11-11 08:32:27"
73,16,"2023-11-11 08:32:27"
73,18,"2023-11-11 08:32:27"
73,21,"2023-11-11 08:32:27"
73,23,"2023-11-11 08:32:27"
73,24,"2023-11-11 08:32:27"
73,26,"2023-11-11 08:32:27"
73,29,"2023-11-11 08:32:27"
73,30,"2023-11-11 08:32:27"
73,31,"2023-11-11 08:32:27"
75,1,"2023-11-11 08:32:27"
75,2,"2023-11-11 08:32:27"
75,3,"2023-11-11 08:32:27"
75,4,"2023-11-11 08:32:27"
75,5,"2023-11-11 08:32:27"
75,6,"2023-11-11 08:32:27"
75,7,"2023-11-11 08:32:27"
75,8,"2023-11-11 08:32:27"
75,9,"2023-11-11 08:32:27"
75,10,"2023-11-11 08:32:27"
75,11,"2023-11-11 08:32:27"
75,12,"2023-11-11 08:32:27"
75,13,"2023-11-11 08:32:27"
75,14,"2023-11-11 08:32:27"
75,15,"2023-11-11 08:32:27"
75,16,"2023-11-11 08:32:27"
75,17,"2023-11-11 08:32:27"
75,18,"2023-11-11 08:32:27"
75,19,"2023-11-11 08:32:27"
75,20,"2023-11-11 08:32:27"
75,21,"2023-11-11 08:32:27"
75,22,"2023-11-11 08:32:27"
75,23,"2023-11-11 08:32:27"
75,24,"2023-11-11 08:32:27"
75,25,"2023-11-11 08:32:27"
75,26,"2023-11-11 08:32:27"
75,27,"2023-11-11 08:32:27"
75,28,"2023-11-11 08:32:27"
75,29,"2023-11-11 08:32:27"
75,30,"2023-11-11 08:32:27"
75,31,"2023-11-11 08:32:27"
76,1,"2023-11-11 08:32:27"
76,2,"2023-11-11 08:32:27"
76,3,"2023-11-11 08:32:27"
76,4,"2023-11-11 08:32:27"
76,5,"2023-11-11 08:32:27"
76,6,"2023-11-11 08:32:27"
76,7,"2023-11-11 08:32:27"
76,8,"2023-11-11 08:32:27"
76,9,"2023-11-11 08:32:27"
76,10,"2023-11-11 08:32:27"
76,11,"2023-11-11 08:32:27"
76,12,"2023-11-11 08:32:27"
76,13,"2023-11-11 08:32:27"
76,14,"2023-11-11 08:32:27"
76,15,"2023-11-11 08:32:27"
76,16,"2023-11-11 08:32:27"
76,17,"2023-11-11 08:32:27"
76,18,"2023-11-11 08:32:27"
76,19,"2023-11-11 08:32:27"
76,20,"2023-11-11 08:32:27"
76,21,"2023-11-11 08:32:27"
76,22,"2023-11-11 08:32:27"
76,23,"2023-11-11 08:32:27"
76,24,"2023-11-11 08:32:27"
76,25,"2023-11-11 08:32:27"
76,26,"2023-11-11 08:32:27"
76,27,"2023-11-11 08:32:27"
76,28,"2023-11-11 08:32:27"
76,29,"2023-11-11 08:32:27"
76,30,"2023-11-11 08:32:27"
76,31,"2023-11-11 08:32:27"
78,1,"2023-11-11 08:32:27"
78,4,"2023-11-11 08:32:27"
78,5,"2023-11-11 08:32:27"
78,9,"2023-11-11 08:32:27"
78,11,"2023-11-11 08:32:27"
78,17,"2023-11-11 08:32:27"
78,23,"2023-11-11 08:32:27"
78,25,"2023-11-11 08:32:27"
78,26,"2023-11-11 08:32:27"
79,9,"2023-11-11 08:32:27"
79,10,"2023-11-11 08:32:27"
79,11,"2023-11-11 08:32:27"
79,13,"2023-11-11 08:32:27"
79,14,"2023-11-11 08:32:27"
79,15,"2023-11-11 08:32:27"
79,17,"2023-11-11 08:32:27"
79,22,"2023-11-11 08:32:27"
79,23,"2023-11-11 08:32:27"
79,28,"2023-11-11 08:32:27"
82,1,"2023-11-11 08:32:27"
82,2,"2023-11-11 08:32:27"
82,3,"2023-11-11 08:32:27"
82,5,"2023-11-11 08:32:27"
82,12,"2023-11-11 08:32:27"
82,17,"2023-11-11 08:32:27"
82,18,"2023-11-11 08:32:27"
82,20,"2023-11-11 08:32:27"
82,21,"2023-11-11 08:32:27"
84,4,"2023-11-11 08:32:27"
84,7,"2023-11-11 08:32:27"
84,14,"2023-11-11 08:32:27"
84,18,"2023-11-11 08:32:27"
84,21,"2023-11-11 08:32:27"
84,24,"2023-11-11 08:32:27"
84,25,"2023-11-11 08:32:27"
84,27,"2023-11-11 08:32:27"
84,31,"2023-11-11 08:32:27"
85,4,"2023-11-11 08:32:27"
85,6,"2023-11-11 08:32:27"
85,18,"2023-11-11 08:32:27"
85,19,"2023-11-11 08:32:27"
85,20,"2023-11-11 08:32:27"
85,23,"2023-11-11 08:32:27"
85,27,"2023-11-11 08:32:27"
85,30,"2023-11-11 08:32:27"
87,2,"2023-11-11 08:32:27"
87,3,"2023-11-11 08:32:27"
87,4,"2023-11-11 08:32:27"
87,6,"2023-11-11 08:32:27"
87,7,"2023-11-11 08:32:27"
87,13,"2023-11-11 08:32:27"
87,18,"2023-11-11 08:32:27"
87,20,"2023-11-11 08:32:27"
87,23,"2023-11-11 08:32:27"
87,24,"2023-11-11 08:32:27"
87,26,"2023-11-11 08:32:27"
87,29,"2023-11-11 08:32:27"
87,30,"2023-11-11 08:32:27"
91,1,"2023-11-11 08:32:27"
91,2,"2023-11-11 08:32:27"
91,3,"2023-11-11 08:32:27"
91,4,"2023-11-11 08:32:27"
91,5,"2023-11-11 08:32:27"
91,6,"2023-11-11 08:32:27"
91,7,"2023-11-11 08:32:27"
91,8,"2023-11-11 08:32:27"
91,9,"2023-11-11 08:32:27"
91,10,"2023-11-11 08:32:27"
91,11,"2023-11-11 08:32:27"
91,12,"2023-11-11 08:32:27"
91,13,"2023-11-11 08:32:27"
91,14,"2023-11-11 08:32:27"
91,15,"2023-11-11 08:32:27"
91,16,"2023-11-11 08:32:27"
91,17,"2023-11-11 08:32:27"
91,18,"2023-11-11 08:32:27"
91,19,"2023-11-11 08:32:27"
91,20,"2023-11-11 08:32:27"
91,21,"2023-11-11 08:32:27"
91,22,"2023-11-11 08:32:27"
91,23,"2023-11-11 08:32:27"
91,24,"2023-11-11 08:32:27"
91,25,"2023-11-11 08:32:27"
91,26,"2023-11-11 08:32:27"
91,27,"2023-11-11 08:32:27"
91,28,"2023-11-11 08:32:27"
91,29,"2023-11-11 08:32:27"
91,30,"2023-11-11 08:32:27"
92,2,"2023-11-11 08:32:27"
92,4,"2023-11-11 08:32:27"
92,5,"2023-11-11 08:32:27"
92,7,"2023-11-11 08:32:27"
92,8,"2023-11-11 08:32:27"
92,13,"2023-11-11 08:32:27"
92,14,"2023-11-11 08:32:27"
92,19,"2023-11-11 08:32:27"
92,23,"2023-11-11 08:32:27"
92,24,"2023-11-11 08:32:27"
92,25,"2023-11-11 08:32:27"
92,26,"2023-11-11 08:32:27"
92,30,"2023-11-11 08:32:27"
93,3,"2023-11-11 08:32:27"
93,6,"2023-11-11 08:32:27"
93,7,"2023-11-11 08:32:27"
93,11,"2023-11-11 08:32:27"
93,15,"2023-11-11 08:32:27"
93,16,"2023-11-11 08:32:27"
93,17,"2023-11-11 08:32:27"
93,29,"2023-11-11 08:32:27"
94,2,"2023-11-11 08:32:27"
94,6,"2023-11-11 08:32:27"
94,12,"2023-11-11 08:32:27"
94,14,"2023-11-11 08:32:27"
94,17,"2023-11-11 08:32:27"
94,19,"2023-11-11 08:32:27"
94,20,"2023-11-11 08:32:27"
94,22,"2023-11-11 08:32:27"
94,23,"2023-11-11 08:32:27"
94,25,"2023-11-11 08:32:27"
94,28,"2023-11-11 08:32:27"
94,29,"2023-11-11 08:32:27"
95,2,"2023-11-11 08:32:27"
95,3,"2023-11-11 08:32:27"
95,9,"2023-11-11 08:32:27"
95,10,"2023-11-11 08:32:27"
95,13,"2023-11-11 08:32:27"
95,16,"2023-11-11 08:32:27"
95,18,"2023-11-11 08:32:27"
95,19,"2023-11-11 08:32:27"
95,23,"2023-11-11 08:32:27"
95,25,"2023-11-11 08:32:27"
96,2,"2023-11-11 08:32:27"
96,4,"2023-11-11 08:32:27"
96,9,"2023-11-11 08:32:27"
96,11,"2023-11-11 08:32:27"
96,16,"2023-11-11 08:32:27"
96,18,"2023-11-11 08:32:27"
96,20,"2023-11-11 08:32:27"
96,21,"2023-11-11 08:32:27"
96,23,"2023-11-11 08:32:27"
96,27,"2023-11-11 08:32:27"
97,8,"2023-11-11 08:32:27"
97,11,"2023-11-11 08:32:27"
97,17,"2023-11-11 08:32:27"
97,20,"2023-11-11 08:32:27"
97,21,"2023-11-11 08:32:27"
97,22,"2023-11-11 08:32:27"
98,7,"2023-11-11 08:32:27"
98,13,"2023-11-11 08:32:27"
98,14,"2023-11-11 08:32:27"
98,15,"2023-11-11 08:32:27"
98,17,"2023-11-11 08:32:27"
98,18,"2023-11-11 08:32:27"
98,23,"2023-11-11 08:32:27"
98,24,"2023-11-11 08:32:27"
98,25,"2023-11-11 08:32:27"
98,30,"2023-11-11 08:32:27"
99,3,"2023-11-11 08:32:27"
99,4,"2023-11-11 08:32:27"
99,5,"2023-11-11 08:32:27"
99,7,"2023-11-11 08:32:27"
99,13,"2023-11-11 08:32:27"
99,15,"2023-11-11 08:32:27"
99,17,"2023-11-11 08:32:27"
99,27,"2023-11-11 08:32:27"
100,3,"2023-11-11 08:32:27"
100,6,"2023-11-11 08:32:27"
100,9,"2023-11-11 08:32:27"
100,15,"2023-11-11 08:32:27"
100,16,"2023-11-11 08:32:27"
100,20,"2023-11-11 08:32:27"
100,25,"2023-11-11 08:32:27"
100,30,"2023-11-11 08:32:27"
